<?xml version="1.0" encoding="UTF-8"?> 
 <Datas>
<Data>
<Parameter>-10.0</Parameter>
<Result>1.9287498479639178e-22</Result>
</Data> 
<Data>
<Parameter>-9.959919839679358</Parameter>
<Result>2.8773520365270106e-22</Result>
</Data> 
<Data>
<Parameter>-9.919839679358718</Parameter>
<Result>4.285607920629884e-22</Result>
</Data> 
<Data>
<Parameter>-9.879759519038076</Parameter>
<Result>6.372857581133841e-22</Result>
</Data> 
<Data>
<Parameter>-9.839679358717435</Parameter>
<Result>9.461463779763798e-22</Result>
</Data> 
<Data>
<Parameter>-9.799599198396793</Parameter>
<Result>1.4024416149309252e-21</Result>
</Data> 
<Data>
<Parameter>-9.759519038076153</Parameter>
<Result>2.0754562843669456e-21</Result>
</Data> 
<Data>
<Parameter>-9.719438877755511</Parameter>
<Result>3.0665124425894154e-21</Result>
</Data> 
<Data>
<Parameter>-9.67935871743487</Parameter>
<Result>4.5235376899594674e-21</Result>
</Data> 
<Data>
<Parameter>-9.639278557114228</Parameter>
<Result>6.662144315688413e-21</Result>
</Data> 
<Data>
<Parameter>-9.599198396793588</Parameter>
<Result>9.796077224942181e-21</Result>
</Data> 
<Data>
<Parameter>-9.559118236472946</Parameter>
<Result>1.438111983069794e-20</Result>
</Data> 
<Data>
<Parameter>-9.519038076152304</Parameter>
<Result>2.1078298524443287e-20</Result>
</Data> 
<Data>
<Parameter>-9.478957915831664</Parameter>
<Result>3.0844713301976285e-20</Result>
</Data> 
<Data>
<Parameter>-9.438877755511022</Parameter>
<Result>4.5063847212666416e-20</Result>
</Data> 
<Data>
<Parameter>-9.39879759519038</Parameter>
<Result>6.573219495336052e-20</Result>
</Data> 
<Data>
<Parameter>-9.358717434869739</Parameter>
<Result>9.572609535338178e-20</Result>
</Data> 
<Data>
<Parameter>-9.318637274549099</Parameter>
<Result>1.3918258406079e-19</Result>
</Data> 
<Data>
<Parameter>-9.278557114228457</Parameter>
<Result>2.0204205966189093e-19</Result>
</Data> 
<Data>
<Parameter>-9.238476953907815</Parameter>
<Result>2.928201912603385e-19</Result>
</Data> 
<Data>
<Parameter>-9.198396793587175</Parameter>
<Result>4.237040290269593e-19</Result>
</Data> 
<Data>
<Parameter>-9.158316633266534</Parameter>
<Result>6.121058195284496e-19</Result>
</Data> 
<Data>
<Parameter>-9.118236472945892</Parameter>
<Result>8.828618778076535e-19</Result>
</Data> 
<Data>
<Parameter>-9.07815631262525</Parameter>
<Result>1.2713389744474667e-18</Result>
</Data> 
<Data>
<Parameter>-9.03807615230461</Parameter>
<Result>1.827815259649777e-18</Result>
</Data> 
<Data>
<Parameter>-8.997995991983968</Parameter>
<Result>2.6236480584315024e-18</Result>
</Data> 
<Data>
<Parameter>-8.957915831663327</Parameter>
<Result>3.759942445777524e-18</Result>
</Data> 
<Data>
<Parameter>-8.917835671342685</Parameter>
<Result>5.379713625827183e-18</Result>
</Data> 
<Data>
<Parameter>-8.877755511022045</Parameter>
<Result>7.684921922034843e-18</Result>
</Data> 
<Data>
<Parameter>-8.837675350701403</Parameter>
<Result>1.0960291432196621e-17</Result>
</Data> 
<Data>
<Parameter>-8.797595190380761</Parameter>
<Result>1.5606556383994832e-17</Result>
</Data> 
<Data>
<Parameter>-8.75751503006012</Parameter>
<Result>2.2186786811863972e-17</Result>
</Data> 
<Data>
<Parameter>-8.71743486973948</Parameter>
<Result>3.1490827716238533e-17</Result>
</Data> 
<Data>
<Parameter>-8.677354709418838</Parameter>
<Result>4.462477943061088e-17</Result>
</Data> 
<Data>
<Parameter>-8.637274549098196</Parameter>
<Result>6.313503565565645e-17</Result>
</Data> 
<Data>
<Parameter>-8.597194388777556</Parameter>
<Result>8.917992825287698e-17</Result>
</Data> 
<Data>
<Parameter>-8.557114228456914</Parameter>
<Result>1.2576683974194003e-16</Result>
</Data> 
<Data>
<Parameter>-8.517034068136272</Parameter>
<Result>1.7707918669679014e-16</Result>
</Data> 
<Data>
<Parameter>-8.47695390781563</Parameter>
<Result>2.4892655578694024e-16</Result>
</Data> 
<Data>
<Parameter>-8.43687374749499</Parameter>
<Result>3.4936330116380577e-16</Result>
</Data> 
<Data>
<Parameter>-8.396793587174349</Parameter>
<Result>4.895371736087911e-16</Result>
</Data> 
<Data>
<Parameter>-8.356713426853707</Parameter>
<Result>6.848514987503074e-16</Result>
</Data> 
<Data>
<Parameter>-8.316633266533067</Parameter>
<Result>9.565539863933147e-16</Result>
</Data> 
<Data>
<Parameter>-8.276553106212425</Parameter>
<Result>1.3339050058273636e-15</Result>
</Data> 
<Data>
<Parameter>-8.236472945891784</Parameter>
<Result>1.8571315143075915e-15</Result>
</Data> 
<Data>
<Parameter>-8.196392785571142</Parameter>
<Result>2.5814442967146468e-15</Result>
</Data> 
<Data>
<Parameter>-8.156312625250502</Parameter>
<Result>3.582491737976842e-15</Result>
</Data> 
<Data>
<Parameter>-8.11623246492986</Parameter>
<Result>4.963750888792511e-15</Result>
</Data> 
<Data>
<Parameter>-8.076152304609218</Parameter>
<Result>6.866526479335639e-15</Result>
</Data> 
<Data>
<Parameter>-8.036072144288577</Parameter>
<Result>9.483454425851473e-15</Result>
</Data> 
<Data>
<Parameter>-7.9959919839679365</Parameter>
<Result>1.307670615195122e-14</Result>
</Data> 
<Data>
<Parameter>-7.955911823647295</Parameter>
<Result>1.8002487127215953e-14</Result>
</Data> 
<Data>
<Parameter>-7.915831663326653</Parameter>
<Result>2.474394799968533e-14</Result>
</Data> 
<Data>
<Parameter>-7.875751503006012</Parameter>
<Result>3.395531944315468e-14</Result>
</Data> 
<Data>
<Parameter>-7.835671342685371</Parameter>
<Result>4.652099423466122e-14</Result>
</Data> 
<Data>
<Parameter>-7.7955911823647295</Parameter>
<Result>6.363447947962141e-14</Result>
</Data> 
<Data>
<Parameter>-7.755511022044088</Parameter>
<Result>8.690371558588358e-14</Result>
</Data> 
<Data>
<Parameter>-7.715430861723447</Parameter>
<Result>1.1849131940116607e-13</Result>
</Data> 
<Data>
<Parameter>-7.675350701402806</Parameter>
<Result>1.6130100248539746e-13</Result>
</Data> 
<Data>
<Parameter>-7.635270541082164</Parameter>
<Result>2.192249292970344e-13</Result>
</Data> 
<Data>
<Parameter>-7.595190380761523</Parameter>
<Result>2.9747135507998036e-13</Result>
</Data> 
<Data>
<Parameter>-7.555110220440882</Parameter>
<Result>4.029978284237726e-13</Result>
</Data> 
<Data>
<Parameter>-7.515030060120241</Parameter>
<Result>5.45082954218228e-13</Result>
</Data> 
<Data>
<Parameter>-7.474949899799599</Parameter>
<Result>7.360796939229553e-13</Result>
</Data> 
<Data>
<Parameter>-7.434869739478958</Parameter>
<Result>9.924060750776483e-13</Result>
</Data> 
<Data>
<Parameter>-7.394789579158317</Parameter>
<Result>1.335845808847111e-12</Result>
</Data> 
<Data>
<Parameter>-7.354709418837675</Parameter>
<Result>1.7952527110996408e-12</Result>
</Data> 
<Data>
<Parameter>-7.314629258517034</Parameter>
<Result>2.4087803032420826e-12</Result>
</Data> 
<Data>
<Parameter>-7.274549098196393</Parameter>
<Result>3.226793194082214e-12</Result>
</Data> 
<Data>
<Parameter>-7.234468937875752</Parameter>
<Result>4.315661906383633e-12</Result>
</Data> 
<Data>
<Parameter>-7.19438877755511</Parameter>
<Result>5.7627003442882244e-12</Result>
</Data> 
<Data>
<Parameter>-7.154308617234469</Parameter>
<Result>7.68257840483261e-12</Result>
</Data> 
<Data>
<Parameter>-7.114228456913828</Parameter>
<Result>1.0225635456648567e-11</Result>
</Data> 
<Data>
<Parameter>-7.074148296593187</Parameter>
<Result>1.3588638712620013e-11</Result>
</Data> 
<Data>
<Parameter>-7.034068136272545</Parameter>
<Result>1.802868035778853e-11</Result>
</Data> 
<Data>
<Parameter>-6.993987975951904</Parameter>
<Result>2.3881096678940388e-11</Result>
</Data> 
<Data>
<Parameter>-6.953907815631263</Parameter>
<Result>3.158253133167815e-11</Result>
</Data> 
<Data>
<Parameter>-6.913827655310621</Parameter>
<Result>4.1700565599901306e-11</Result>
</Data> 
<Data>
<Parameter>-6.8737474949899795</Parameter>
<Result>5.497171627899474e-11</Result>
</Data> 
<Data>
<Parameter>-6.833667334669339</Parameter>
<Result>7.235007541678828e-11</Result>
</Data> 
<Data>
<Parameter>-6.793587174348698</Parameter>
<Result>9.506945865585332e-11</Result>
</Data> 
<Data>
<Parameter>-6.753507014028056</Parameter>
<Result>1.247226686519081e-10</Result>
</Data> 
<Data>
<Parameter>-6.713426853707415</Parameter>
<Result>1.633624016501641e-10</Result>
</Data> 
<Data>
<Parameter>-6.673346693386774</Parameter>
<Result>2.1362947109513924e-10</Result>
</Data> 
<Data>
<Parameter>-6.6332665330661325</Parameter>
<Result>2.7891544366372987e-10</Result>
</Data> 
<Data>
<Parameter>-6.593186372745491</Parameter>
<Result>3.635685429603772e-10</Result>
</Data> 
<Data>
<Parameter>-6.55310621242485</Parameter>
<Result>4.73153850185655e-10</Result>
</Data> 
<Data>
<Parameter>-6.513026052104209</Parameter>
<Result>6.147815111332725e-10</Result>
</Data> 
<Data>
<Parameter>-6.472945891783567</Parameter>
<Result>7.975199555264737e-10</Result>
</Data> 
<Data>
<Parameter>-6.432865731462925</Parameter>
<Result>1.0329151810569944e-09</Result>
</Data> 
<Data>
<Parameter>-6.3927855711422845</Parameter>
<Result>1.3356421102039724e-09</Result>
</Data> 
<Data>
<Parameter>-6.352705410821644</Parameter>
<Result>1.7243200840411721e-09</Result>
</Data> 
<Data>
<Parameter>-6.312625250501002</Parameter>
<Result>2.222531941797438e-09</Result>
</Data> 
<Data>
<Parameter>-6.272545090180361</Parameter>
<Result>2.860095119295203e-09</Result>
</Data> 
<Data>
<Parameter>-6.23246492985972</Parameter>
<Result>3.674644105669984e-09</Result>
</Data> 
<Data>
<Parameter>-6.192384769539078</Parameter>
<Result>4.713596807246308e-09</Result>
</Data> 
<Data>
<Parameter>-6.152304609218437</Parameter>
<Result>6.036593330147924e-09</Result>
</Data> 
<Data>
<Parameter>-6.112224448897796</Parameter>
<Result>7.71851493882133e-09</Result>
</Data> 
<Data>
<Parameter>-6.072144288577155</Parameter>
<Result>9.853214097729463e-09</Result>
</Data> 
<Data>
<Parameter>-6.032064128256513</Parameter>
<Result>1.255811428528958e-08</Result>
</Data> 
<Data>
<Parameter>-5.991983967935872</Parameter>
<Result>1.597987153103259e-08</Result>
</Data> 
<Data>
<Parameter>-5.95190380761523</Parameter>
<Result>2.0301329355455374e-08</Result>
</Data> 
<Data>
<Parameter>-5.9118236472945895</Parameter>
<Result>2.5750046130674824e-08</Result>
</Data> 
<Data>
<Parameter>-5.871743486973948</Parameter>
<Result>3.260873015006332e-08</Result>
</Data> 
<Data>
<Parameter>-5.831663326653307</Parameter>
<Result>4.1227984418099213e-08</Result>
</Data> 
<Data>
<Parameter>-5.791583166332665</Parameter>
<Result>5.2041842093947355e-08</Result>
</Data> 
<Data>
<Parameter>-5.751503006012024</Parameter>
<Result>6.558666664074058e-08</Result>
</Data> 
<Data>
<Parameter>-5.711422845691383</Parameter>
<Result>8.252410032267073e-08</Result>
</Data> 
<Data>
<Parameter>-5.671342685370742</Parameter>
<Result>1.0366887333686768e-07</Result>
</Data> 
<Data>
<Parameter>-5.631262525050101</Parameter>
<Result>1.3002243648753694e-07</Result>
</Data> 
<Data>
<Parameter>-5.591182364729459</Parameter>
<Result>1.6281355619544528e-07</Result>
</Data> 
<Data>
<Parameter>-5.551102204408818</Parameter>
<Result>2.0354721547564614e-07</Result>
</Data> 
<Data>
<Parameter>-5.511022044088176</Parameter>
<Result>2.540634024294103e-07</Result>
</Data> 
<Data>
<Parameter>-5.470941883767535</Parameter>
<Result>3.1660764336035937e-07</Result>
</Data> 
<Data>
<Parameter>-5.430861723446894</Parameter>
<Result>3.939154559029772e-07</Result>
</Data> 
<Data>
<Parameter>-5.390781563126253</Parameter>
<Result>4.893132641145761e-07</Result>
</Data> 
<Data>
<Parameter>-5.350701402805611</Parameter>
<Result>6.068387384255856e-07</Result>
</Data> 
<Data>
<Parameter>-5.31062124248497</Parameter>
<Result>7.513840052989533e-07</Result>
</Data> 
<Data>
<Parameter>-5.270541082164329</Parameter>
<Result>9.288657215862404e-07</Result>
</Data> 
<Data>
<Parameter>-5.2304609218436875</Parameter>
<Result>1.146426634581038e-06</Result>
</Data> 
<Data>
<Parameter>-5.190380761523047</Parameter>
<Result>1.4126739588595148e-06</Result>
</Data> 
<Data>
<Parameter>-5.150300601202405</Parameter>
<Result>1.737960703826531e-06</Result>
</Data> 
<Data>
<Parameter>-5.110220440881764</Parameter>
<Result>2.1347169905215886e-06</Result>
</Data> 
<Data>
<Parameter>-5.070140280561122</Parameter>
<Result>2.6178394120730206e-06</Result>
</Data> 
<Data>
<Parameter>-5.030060120240481</Parameter>
<Result>3.205147628824167e-06</Result>
</Data> 
<Data>
<Parameter>-4.98997995991984</Parameter>
<Result>3.917918656273141e-06</Result>
</Data> 
<Data>
<Parameter>-4.949899799599199</Parameter>
<Result>4.78151071114922e-06</Result>
</Data> 
<Data>
<Parameter>-4.909819639278557</Parameter>
<Result>5.826090037472712e-06</Result>
</Data> 
<Data>
<Parameter>-4.869739478957916</Parameter>
<Result>7.087475849028723e-06</Result>
</Data> 
<Data>
<Parameter>-4.829659318637275</Parameter>
<Result>8.608120405198283e-06</Result>
</Data> 
<Data>
<Parameter>-4.789579158316633</Parameter>
<Result>1.0438243290199848e-05</Result>
</Data> 
<Data>
<Parameter>-4.7494989979959925</Parameter>
<Result>1.26371411965837e-05</Result>
</Data> 
<Data>
<Parameter>-4.709418837675351</Parameter>
<Result>1.5274696925329807e-05</Result>
</Data> 
<Data>
<Parameter>-4.66933867735471</Parameter>
<Result>1.8433113907626988e-05</Result>
</Data> 
<Data>
<Parameter>-4.629258517034068</Parameter>
<Result>2.220890532476661e-05</Result>
</Data> 
<Data>
<Parameter>-4.589178356713427</Parameter>
<Result>2.6715169846256672e-05</Result>
</Data> 
<Data>
<Parameter>-4.5490981963927855</Parameter>
<Result>3.208418911159568e-05</Result>
</Data> 
<Data>
<Parameter>-4.509018036072145</Parameter>
<Result>3.84703853323808e-05</Result>
</Data> 
<Data>
<Parameter>-4.468937875751503</Parameter>
<Result>4.605368076701357e-05</Result>
</Data> 
<Data>
<Parameter>-4.428857715430862</Parameter>
<Result>5.504330429202424e-05</Result>
</Data> 
<Data>
<Parameter>-4.388777555110221</Parameter>
<Result>6.568209382642142e-05</Result>
</Data> 
<Data>
<Parameter>-4.348697394789579</Parameter>
<Result>7.825134691469247e-05</Result>
</Data> 
<Data>
<Parameter>-4.308617234468938</Parameter>
<Result>9.307627528740096e-05</Result>
</Data> 
<Data>
<Parameter>-4.268537074148297</Parameter>
<Result>0.00011053212263321366</Result>
</Data> 
<Data>
<Parameter>-4.228456913827656</Parameter>
<Result>0.00013105100805966375</Result>
</Data> 
<Data>
<Parameter>-4.188376753507014</Parameter>
<Result>0.00015512956070799563</Result>
</Data> 
<Data>
<Parameter>-4.148296593186373</Parameter>
<Result>0.00018333741362432752</Result>
</Data> 
<Data>
<Parameter>-4.108216432865731</Parameter>
<Result>0.0002163266271676071</Result>
</Data> 
<Data>
<Parameter>-4.0681362725450905</Parameter>
<Result>0.0002548421138345634</Result>
</Data> 
<Data>
<Parameter>-4.028056112224449</Parameter>
<Result>0.00029973313727140594</Result>
</Data> 
<Data>
<Parameter>-3.987975951903808</Parameter>
<Result>0.0003519659582775759</Result>
</Data> 
<Data>
<Parameter>-3.947895791583167</Parameter>
<Result>0.00041263769963381425</Result>
</Data> 
<Data>
<Parameter>-3.907815631262525</Parameter>
<Result>0.0004829914994399111</Result>
</Data> 
<Data>
<Parameter>-3.8677354709418843</Parameter>
<Result>0.0005644330191529334</Result>
</Data> 
<Data>
<Parameter>-3.8276553106212425</Parameter>
<Result>0.0006585483674932665</Result>
</Data> 
<Data>
<Parameter>-3.7875751503006017</Parameter>
<Result>0.0007671234946473118</Result>
</Data> 
<Data>
<Parameter>-3.74749498997996</Parameter>
<Result>0.0008921651025539997</Result>
</Data> 
<Data>
<Parameter>-3.707414829659319</Parameter>
<Result>0.0010359231063296712</Result>
</Data> 
<Data>
<Parameter>-3.6673346693386772</Parameter>
<Result>0.0012009146688800457</Result>
</Data> 
<Data>
<Parameter>-3.6272545090180364</Parameter>
<Result>0.0013899498152946995</Result>
</Data> 
<Data>
<Parameter>-3.5871743486973955</Parameter>
<Result>0.0016061586155591942</Result>
</Data> 
<Data>
<Parameter>-3.5470941883767537</Parameter>
<Result>0.0018530199033111646</Result>
</Data> 
<Data>
<Parameter>-3.507014028056113</Parameter>
<Result>0.0021343914746936427</Result>
</Data> 
<Data>
<Parameter>-3.466933867735471</Parameter>
<Result>0.0024545416847360935</Result>
</Data> 
<Data>
<Parameter>-3.42685370741483</Parameter>
<Result>0.002818182329073076</Result>
</Data> 
<Data>
<Parameter>-3.3867735470941884</Parameter>
<Result>0.0032305026661895385</Result>
</Data> 
<Data>
<Parameter>-3.3466933867735476</Parameter>
<Result>0.003697204399806499</Result>
</Data> 
<Data>
<Parameter>-3.306613226452906</Parameter>
<Result>0.004224537402598948</Result>
</Data> 
<Data>
<Parameter>-3.266533066132265</Parameter>
<Result>0.0048193359213373</Result>
</Data> 
<Data>
<Parameter>-3.226452905811623</Parameter>
<Result>0.005489054960008784</Result>
</Data> 
<Data>
<Parameter>-3.1863727454909823</Parameter>
<Result>0.006241806491821793</Result>
</Data> 
<Data>
<Parameter>-3.1462925851703414</Parameter>
<Result>0.007086395103628139</Result>
</Data> 
<Data>
<Parameter>-3.1062124248496996</Parameter>
<Result>0.008032352627700355</Result>
</Data> 
<Data>
<Parameter>-3.0661322645290587</Parameter>
<Result>0.009089971266552711</Result>
</Data> 
<Data>
<Parameter>-3.026052104208417</Parameter>
<Result>0.01027033466726291</Result>
</Data> 
<Data>
<Parameter>-2.985971943887776</Parameter>
<Result>0.011585346353295252</Result>
</Data> 
<Data>
<Parameter>-2.9458917835671343</Parameter>
<Result>0.013047754874996887</Result>
</Data> 
<Data>
<Parameter>-2.9058116232464934</Parameter>
<Result>0.014671174995666836</Result>
</Data> 
<Data>
<Parameter>-2.8657314629258517</Parameter>
<Result>0.016470104189401605</Result>
</Data> 
<Data>
<Parameter>-2.825651302605211</Parameter>
<Result>0.018459933690879206</Result>
</Data> 
<Data>
<Parameter>-2.785571142284569</Parameter>
<Result>0.020656953307005958</Result>
</Data> 
<Data>
<Parameter>-2.745490981963928</Parameter>
<Result>0.023078349177097914</Result>
</Data> 
<Data>
<Parameter>-2.7054108216432873</Parameter>
<Result>0.02574219365322901</Result>
</Data> 
<Data>
<Parameter>-2.6653306613226455</Parameter>
<Result>0.028667426466767374</Result>
</Data> 
<Data>
<Parameter>-2.6252505010020046</Parameter>
<Result>0.031873826352165915</Result>
</Data> 
<Data>
<Parameter>-2.585170340681363</Parameter>
<Result>0.03538197231594584</Result>
</Data> 
<Data>
<Parameter>-2.545090180360722</Parameter>
<Result>0.03921319376862928</Result>
</Data> 
<Data>
<Parameter>-2.50501002004008</Parameter>
<Result>0.043389508781174736</Result>
</Data> 
<Data>
<Parameter>-2.4649298597194393</Parameter>
<Result>0.04793354978613826</Result>
</Data> 
<Data>
<Parameter>-2.4248496993987976</Parameter>
<Result>0.05286847611810092</Result>
</Data> 
<Data>
<Parameter>-2.3847695390781567</Parameter>
<Result>0.058217872878422686</Result>
</Data> 
<Data>
<Parameter>-2.344689378757515</Parameter>
<Result>0.06400563571649272</Result>
</Data> 
<Data>
<Parameter>-2.304609218436874</Parameter>
<Result>0.0702558412434455</Result>
</Data> 
<Data>
<Parameter>-2.264529058116233</Parameter>
<Result>0.0769926029346835</Result>
</Data> 
<Data>
<Parameter>-2.2244488977955914</Parameter>
<Result>0.08423991253402457</Result>
</Data> 
<Data>
<Parameter>-2.1843687374749505</Parameter>
<Result>0.0920214671441474</Result>
</Data> 
<Data>
<Parameter>-2.1442885771543088</Parameter>
<Result>0.1003604823741419</Result>
</Data> 
<Data>
<Parameter>-2.104208416833668</Parameter>
<Result>0.10927949211394727</Result>
</Data> 
<Data>
<Parameter>-2.064128256513026</Parameter>
<Result>0.11880013571551531</Result>
</Data> 
<Data>
<Parameter>-2.0240480961923852</Parameter>
<Result>0.1289429335795015</Result>
</Data> 
<Data>
<Parameter>-1.9839679358717444</Parameter>
<Result>0.1397270523717131</Result>
</Data> 
<Data>
<Parameter>-1.9438877755511026</Parameter>
<Result>0.15117006132257854</Result>
</Data> 
<Data>
<Parameter>-1.9038076152304608</Parameter>
<Result>0.1632876812924492</Result>
</Data> 
<Data>
<Parameter>-1.8637274549098208</Parameter>
<Result>0.17609352851217952</Result>
</Data> 
<Data>
<Parameter>-1.823647294589179</Parameter>
<Result>0.18959885512850452</Result>
</Data> 
<Data>
<Parameter>-1.7835671342685373</Parameter>
<Result>0.20381228889339595</Result>
</Data> 
<Data>
<Parameter>-1.7434869739478955</Parameter>
<Result>0.21873957453187834</Result>
</Data> 
<Data>
<Parameter>-1.7034068136272555</Parameter>
<Result>0.23438331949958646</Result>
</Data> 
<Data>
<Parameter>-1.6633266533066138</Parameter>
<Result>0.25074274699565496</Result>
</Data> 
<Data>
<Parameter>-1.623246492985972</Parameter>
<Result>0.26781345922425187</Result>
</Data> 
<Data>
<Parameter>-1.5831663326653302</Parameter>
<Result>0.28558721399541137</Result>
</Data> 
<Data>
<Parameter>-1.5430861723446903</Parameter>
<Result>0.3040517178190401</Result>
</Data> 
<Data>
<Parameter>-1.5030060120240485</Parameter>
<Result>0.32319043867180813</Result>
</Data> 
<Data>
<Parameter>-1.4629258517034067</Parameter>
<Result>0.3429824416020473</Result>
</Data> 
<Data>
<Parameter>-1.4228456913827667</Parameter>
<Result>0.36340225028036155</Result>
</Data> 
<Data>
<Parameter>-1.382765531062125</Parameter>
<Result>0.38441973750134967</Result>
</Data> 
<Data>
<Parameter>-1.3426853707414832</Parameter>
<Result>0.4060000474933986</Result>
</Data> 
<Data>
<Parameter>-1.3026052104208414</Parameter>
<Result>0.4281035526982608</Result>
</Data> 
<Data>
<Parameter>-1.2625250501002014</Parameter>
<Result>0.4506858474400875</Result>
</Data> 
<Data>
<Parameter>-1.2224448897795597</Parameter>
<Result>0.47369778061570406</Result>
</Data> 
<Data>
<Parameter>-1.182364729458918</Parameter>
<Result>0.4970855292057425</Result>
</Data> 
<Data>
<Parameter>-1.1422845691382761</Parameter>
<Result>0.5207907140323759</Result>
</Data> 
<Data>
<Parameter>-1.1022044088176361</Parameter>
<Result>0.5447505587769946</Result>
</Data> 
<Data>
<Parameter>-1.0621242484969944</Parameter>
<Result>0.5688980928244768</Result>
</Data> 
<Data>
<Parameter>-1.0220440881763526</Parameter>
<Result>0.5931623980244749</Result>
</Data> 
<Data>
<Parameter>-0.9819639278557126</Parameter>
<Result>0.6174688989601159</Result>
</Data> 
<Data>
<Parameter>-0.9418837675350709</Parameter>
<Result>0.6417396957968052</Result>
</Data> 
<Data>
<Parameter>-0.9018036072144291</Parameter>
<Result>0.6658939382553759</Result>
</Data> 
<Data>
<Parameter>-0.8617234468937873</Parameter>
<Result>0.689848238721958</Result>
</Data> 
<Data>
<Parameter>-0.8216432865731473</Parameter>
<Result>0.7135171219792338</Result>
</Data> 
<Data>
<Parameter>-0.7815631262525056</Parameter>
<Result>0.7368135085282697</Result>
</Data> 
<Data>
<Parameter>-0.7414829659318638</Parameter>
<Result>0.759649227974786</Result>
</Data> 
<Data>
<Parameter>-0.701402805611222</Parameter>
<Result>0.7819355584866845</Result>
</Data> 
<Data>
<Parameter>-0.661322645290582</Parameter>
<Result>0.8035837878986049</Result>
</Data> 
<Data>
<Parameter>-0.6212424849699403</Parameter>
<Result>0.8245057916518861</Result>
</Data> 
<Data>
<Parameter>-0.5811623246492985</Parameter>
<Result>0.8446146224215144</Result>
</Data> 
<Data>
<Parameter>-0.5410821643286585</Parameter>
<Result>0.8638251060020077</Result>
</Data> 
<Data>
<Parameter>-0.5010020040080168</Parameter>
<Result>0.8820544378073187</Result>
</Data> 
<Data>
<Parameter>-0.460921843687375</Parameter>
<Result>0.8992227741906825</Result>
</Data> 
<Data>
<Parameter>-0.4208416833667332</Parameter>
<Result>0.915253812712751</Result>
</Data> 
<Data>
<Parameter>-0.38076152304609323</Parameter>
<Result>0.9300753554831046</Result>
</Data> 
<Data>
<Parameter>-0.34068136272545146</Parameter>
<Result>0.9436198497730778</Result>
</Data> 
<Data>
<Parameter>-0.3006012024048097</Parameter>
<Result>0.9558249002471766</Result>
</Data> 
<Data>
<Parameter>-0.26052104208416793</Parameter>
<Result>0.9666337473855283</Result>
</Data> 
<Data>
<Parameter>-0.22044088176352794</Parameter>
<Result>0.9759957069687205</Result>
</Data> 
<Data>
<Parameter>-0.18036072144288617</Parameter>
<Result>0.9838665658659269</Result>
</Data> 
<Data>
<Parameter>-0.1402805611222444</Parameter>
<Result>0.9902089298029173</Result>
</Data> 
<Data>
<Parameter>-0.10020040080160442</Parameter>
<Result>0.9949925192829487</Result>
</Data> 
<Data>
<Parameter>-0.06012024048096265</Parameter>
<Result>0.9981944103840139</Result>
</Data> 
<Data>
<Parameter>-0.020040080160320883</Parameter>
<Result>0.9997992177530378</Result>
</Data> 
<Data>
<Parameter>0.020040080160320883</Parameter>
<Result>0.9997992177530378</Result>
</Data> 
<Data>
<Parameter>0.060120240480960874</Parameter>
<Result>0.998194410384014</Result>
</Data> 
<Data>
<Parameter>0.10020040080160264</Parameter>
<Result>0.994992519282949</Result>
</Data> 
<Data>
<Parameter>0.1402805611222444</Parameter>
<Result>0.9902089298029173</Result>
</Data> 
<Data>
<Parameter>0.18036072144288617</Parameter>
<Result>0.9838665658659269</Result>
</Data> 
<Data>
<Parameter>0.22044088176352616</Parameter>
<Result>0.9759957069687208</Result>
</Data> 
<Data>
<Parameter>0.26052104208416793</Parameter>
<Result>0.9666337473855283</Result>
</Data> 
<Data>
<Parameter>0.3006012024048097</Parameter>
<Result>0.9558249002471766</Result>
</Data> 
<Data>
<Parameter>0.3406813627254497</Parameter>
<Result>0.9436198497730783</Result>
</Data> 
<Data>
<Parameter>0.38076152304609145</Parameter>
<Result>0.9300753554831052</Result>
</Data> 
<Data>
<Parameter>0.4208416833667332</Parameter>
<Result>0.915253812712751</Result>
</Data> 
<Data>
<Parameter>0.460921843687375</Parameter>
<Result>0.8992227741906825</Result>
</Data> 
<Data>
<Parameter>0.501002004008015</Parameter>
<Result>0.8820544378073195</Result>
</Data> 
<Data>
<Parameter>0.5410821643286567</Parameter>
<Result>0.8638251060020086</Result>
</Data> 
<Data>
<Parameter>0.5811623246492985</Parameter>
<Result>0.8446146224215144</Result>
</Data> 
<Data>
<Parameter>0.6212424849699403</Parameter>
<Result>0.8245057916518861</Result>
</Data> 
<Data>
<Parameter>0.6613226452905803</Parameter>
<Result>0.8035837878986057</Result>
</Data> 
<Data>
<Parameter>0.701402805611222</Parameter>
<Result>0.7819355584866845</Result>
</Data> 
<Data>
<Parameter>0.7414829659318638</Parameter>
<Result>0.759649227974786</Result>
</Data> 
<Data>
<Parameter>0.7815631262525038</Parameter>
<Result>0.7368135085282707</Result>
</Data> 
<Data>
<Parameter>0.8216432865731456</Parameter>
<Result>0.7135171219792348</Result>
</Data> 
<Data>
<Parameter>0.8617234468937873</Parameter>
<Result>0.689848238721958</Result>
</Data> 
<Data>
<Parameter>0.9018036072144291</Parameter>
<Result>0.6658939382553759</Result>
</Data> 
<Data>
<Parameter>0.9418837675350691</Parameter>
<Result>0.6417396957968063</Result>
</Data> 
<Data>
<Parameter>0.9819639278557108</Parameter>
<Result>0.617468898960117</Result>
</Data> 
<Data>
<Parameter>1.0220440881763526</Parameter>
<Result>0.5931623980244749</Result>
</Data> 
<Data>
<Parameter>1.0621242484969944</Parameter>
<Result>0.5688980928244768</Result>
</Data> 
<Data>
<Parameter>1.1022044088176344</Parameter>
<Result>0.5447505587769956</Result>
</Data> 
<Data>
<Parameter>1.1422845691382761</Parameter>
<Result>0.5207907140323759</Result>
</Data> 
<Data>
<Parameter>1.182364729458918</Parameter>
<Result>0.4970855292057425</Result>
</Data> 
<Data>
<Parameter>1.222444889779558</Parameter>
<Result>0.47369778061570506</Result>
</Data> 
<Data>
<Parameter>1.2625250501001997</Parameter>
<Result>0.45068584744008855</Result>
</Data> 
<Data>
<Parameter>1.3026052104208414</Parameter>
<Result>0.4281035526982608</Result>
</Data> 
<Data>
<Parameter>1.3426853707414832</Parameter>
<Result>0.4060000474933986</Result>
</Data> 
<Data>
<Parameter>1.3827655310621232</Parameter>
<Result>0.38441973750135067</Result>
</Data> 
<Data>
<Parameter>1.422845691382765</Parameter>
<Result>0.36340225028036244</Result>
</Data> 
<Data>
<Parameter>1.4629258517034067</Parameter>
<Result>0.3429824416020473</Result>
</Data> 
<Data>
<Parameter>1.5030060120240485</Parameter>
<Result>0.32319043867180813</Result>
</Data> 
<Data>
<Parameter>1.5430861723446885</Parameter>
<Result>0.30405171781904095</Result>
</Data> 
<Data>
<Parameter>1.5831663326653302</Parameter>
<Result>0.28558721399541137</Result>
</Data> 
<Data>
<Parameter>1.623246492985972</Parameter>
<Result>0.26781345922425187</Result>
</Data> 
<Data>
<Parameter>1.663326653306612</Parameter>
<Result>0.25074274699565574</Result>
</Data> 
<Data>
<Parameter>1.7034068136272538</Parameter>
<Result>0.23438331949958718</Result>
</Data> 
<Data>
<Parameter>1.7434869739478955</Parameter>
<Result>0.21873957453187834</Result>
</Data> 
<Data>
<Parameter>1.7835671342685373</Parameter>
<Result>0.20381228889339595</Result>
</Data> 
<Data>
<Parameter>1.8236472945891773</Parameter>
<Result>0.1895988551285051</Result>
</Data> 
<Data>
<Parameter>1.863727454909819</Parameter>
<Result>0.17609352851218013</Result>
</Data> 
<Data>
<Parameter>1.9038076152304608</Parameter>
<Result>0.1632876812924492</Result>
</Data> 
<Data>
<Parameter>1.9438877755511026</Parameter>
<Result>0.15117006132257854</Result>
</Data> 
<Data>
<Parameter>1.9839679358717426</Parameter>
<Result>0.1397270523717136</Result>
</Data> 
<Data>
<Parameter>2.0240480961923843</Parameter>
<Result>0.12894293357950173</Result>
</Data> 
<Data>
<Parameter>2.064128256513026</Parameter>
<Result>0.11880013571551531</Result>
</Data> 
<Data>
<Parameter>2.104208416833666</Parameter>
<Result>0.10927949211394766</Result>
</Data> 
<Data>
<Parameter>2.144288577154308</Parameter>
<Result>0.10036048237414208</Result>
</Data> 
<Data>
<Parameter>2.1843687374749496</Parameter>
<Result>0.09202146714414756</Result>
</Data> 
<Data>
<Parameter>2.2244488977955914</Parameter>
<Result>0.08423991253402457</Result>
</Data> 
<Data>
<Parameter>2.2645290581162314</Parameter>
<Result>0.07699260293468382</Result>
</Data> 
<Data>
<Parameter>2.304609218436873</Parameter>
<Result>0.07025584124344562</Result>
</Data> 
<Data>
<Parameter>2.344689378757515</Parameter>
<Result>0.06400563571649272</Result>
</Data> 
<Data>
<Parameter>2.3847695390781567</Parameter>
<Result>0.058217872878422686</Result>
</Data> 
<Data>
<Parameter>2.4248496993987967</Parameter>
<Result>0.05286847611810104</Result>
</Data> 
<Data>
<Parameter>2.4649298597194385</Parameter>
<Result>0.04793354978613837</Result>
</Data> 
<Data>
<Parameter>2.50501002004008</Parameter>
<Result>0.043389508781174736</Result>
</Data> 
<Data>
<Parameter>2.54509018036072</Parameter>
<Result>0.03921319376862947</Result>
</Data> 
<Data>
<Parameter>2.585170340681362</Parameter>
<Result>0.03538197231594591</Result>
</Data> 
<Data>
<Parameter>2.6252505010020037</Parameter>
<Result>0.031873826352165985</Result>
</Data> 
<Data>
<Parameter>2.6653306613226455</Parameter>
<Result>0.028667426466767374</Result>
</Data> 
<Data>
<Parameter>2.7054108216432855</Parameter>
<Result>0.025742193653229124</Result>
</Data> 
<Data>
<Parameter>2.7454909819639273</Parameter>
<Result>0.023078349177097977</Result>
</Data> 
<Data>
<Parameter>2.785571142284569</Parameter>
<Result>0.020656953307005958</Result>
</Data> 
<Data>
<Parameter>2.825651302605209</Parameter>
<Result>0.018459933690879303</Result>
</Data> 
<Data>
<Parameter>2.865731462925851</Parameter>
<Result>0.016470104189401646</Result>
</Data> 
<Data>
<Parameter>2.9058116232464926</Parameter>
<Result>0.014671174995666876</Result>
</Data> 
<Data>
<Parameter>2.9458917835671343</Parameter>
<Result>0.013047754874996887</Result>
</Data> 
<Data>
<Parameter>2.9859719438877743</Parameter>
<Result>0.011585346353295315</Result>
</Data> 
<Data>
<Parameter>3.026052104208416</Parameter>
<Result>0.010270334667262938</Result>
</Data> 
<Data>
<Parameter>3.066132264529058</Parameter>
<Result>0.009089971266552735</Result>
</Data> 
<Data>
<Parameter>3.1062124248496996</Parameter>
<Result>0.008032352627700355</Result>
</Data> 
<Data>
<Parameter>3.1462925851703396</Parameter>
<Result>0.007086395103628177</Result>
</Data> 
<Data>
<Parameter>3.1863727454909814</Parameter>
<Result>0.00624180649182181</Result>
</Data> 
<Data>
<Parameter>3.226452905811623</Parameter>
<Result>0.005489054960008784</Result>
</Data> 
<Data>
<Parameter>3.266533066132263</Parameter>
<Result>0.004819335921337326</Result>
</Data> 
<Data>
<Parameter>3.306613226452905</Parameter>
<Result>0.004224537402598962</Result>
</Data> 
<Data>
<Parameter>3.3466933867735467</Parameter>
<Result>0.003697204399806512</Result>
</Data> 
<Data>
<Parameter>3.3867735470941884</Parameter>
<Result>0.0032305026661895385</Result>
</Data> 
<Data>
<Parameter>3.4268537074148284</Parameter>
<Result>0.0028181823290730932</Result>
</Data> 
<Data>
<Parameter>3.46693386773547</Parameter>
<Result>0.0024545416847361</Result>
</Data> 
<Data>
<Parameter>3.507014028056112</Parameter>
<Result>0.0021343914746936505</Result>
</Data> 
<Data>
<Parameter>3.5470941883767537</Parameter>
<Result>0.0018530199033111646</Result>
</Data> 
<Data>
<Parameter>3.5871743486973937</Parameter>
<Result>0.0016061586155592042</Result>
</Data> 
<Data>
<Parameter>3.6272545090180355</Parameter>
<Result>0.0013899498152947045</Result>
</Data> 
<Data>
<Parameter>3.6673346693386772</Parameter>
<Result>0.0012009146688800457</Result>
</Data> 
<Data>
<Parameter>3.7074148296593172</Parameter>
<Result>0.0010359231063296775</Result>
</Data> 
<Data>
<Parameter>3.747494989979959</Parameter>
<Result>0.0008921651025540028</Result>
</Data> 
<Data>
<Parameter>3.7875751503006008</Parameter>
<Result>0.0007671234946473145</Result>
</Data> 
<Data>
<Parameter>3.8276553106212425</Parameter>
<Result>0.0006585483674932665</Result>
</Data> 
<Data>
<Parameter>3.8677354709418825</Parameter>
<Result>0.0005644330191529374</Result>
</Data> 
<Data>
<Parameter>3.9078156312625243</Parameter>
<Result>0.00048299149943991276</Result>
</Data> 
<Data>
<Parameter>3.947895791583166</Parameter>
<Result>0.0004126376996338154</Result>
</Data> 
<Data>
<Parameter>3.987975951903808</Parameter>
<Result>0.0003519659582775759</Result>
</Data> 
<Data>
<Parameter>4.028056112224448</Parameter>
<Result>0.000299733137271407</Result>
</Data> 
<Data>
<Parameter>4.06813627254509</Parameter>
<Result>0.00025484211383456425</Result>
</Data> 
<Data>
<Parameter>4.108216432865731</Parameter>
<Result>0.0002163266271676071</Result>
</Data> 
<Data>
<Parameter>4.148296593186371</Parameter>
<Result>0.00018333741362432915</Result>
</Data> 
<Data>
<Parameter>4.188376753507013</Parameter>
<Result>0.0001551295607079962</Result>
</Data> 
<Data>
<Parameter>4.228456913827655</Parameter>
<Result>0.0001310510080596642</Result>
</Data> 
<Data>
<Parameter>4.268537074148297</Parameter>
<Result>0.00011053212263321366</Result>
</Data> 
<Data>
<Parameter>4.308617234468937</Parameter>
<Result>9.307627528740163e-05</Result>
</Data> 
<Data>
<Parameter>4.348697394789578</Parameter>
<Result>7.825134691469274e-05</Result>
</Data> 
<Data>
<Parameter>4.38877755511022</Parameter>
<Result>6.568209382642165e-05</Result>
</Data> 
<Data>
<Parameter>4.428857715430862</Parameter>
<Result>5.504330429202424e-05</Result>
</Data> 
<Data>
<Parameter>4.468937875751502</Parameter>
<Result>4.605368076701374e-05</Result>
</Data> 
<Data>
<Parameter>4.509018036072144</Parameter>
<Result>3.847038533238094e-05</Result>
</Data> 
<Data>
<Parameter>4.5490981963927855</Parameter>
<Result>3.208418911159568e-05</Result>
</Data> 
<Data>
<Parameter>4.589178356713425</Parameter>
<Result>2.671516984625691e-05</Result>
</Data> 
<Data>
<Parameter>4.629258517034067</Parameter>
<Result>2.2208905324766727e-05</Result>
</Data> 
<Data>
<Parameter>4.669338677354709</Parameter>
<Result>1.8433113907627086e-05</Result>
</Data> 
<Data>
<Parameter>4.709418837675351</Parameter>
<Result>1.5274696925329807e-05</Result>
</Data> 
<Data>
<Parameter>4.749498997995991</Parameter>
<Result>1.2637141196583811e-05</Result>
</Data> 
<Data>
<Parameter>4.7895791583166325</Parameter>
<Result>1.0438243290199904e-05</Result>
</Data> 
<Data>
<Parameter>4.829659318637274</Parameter>
<Result>8.608120405198313e-06</Result>
</Data> 
<Data>
<Parameter>4.869739478957916</Parameter>
<Result>7.087475849028723e-06</Result>
</Data> 
<Data>
<Parameter>4.909819639278556</Parameter>
<Result>5.826090037472733e-06</Result>
</Data> 
<Data>
<Parameter>4.949899799599198</Parameter>
<Result>4.781510711149246e-06</Result>
</Data> 
<Data>
<Parameter>4.98997995991984</Parameter>
<Result>3.917918656273141e-06</Result>
</Data> 
<Data>
<Parameter>5.0300601202404795</Parameter>
<Result>3.2051476288241957e-06</Result>
</Data> 
<Data>
<Parameter>5.070140280561121</Parameter>
<Result>2.6178394120730345e-06</Result>
</Data> 
<Data>
<Parameter>5.110220440881763</Parameter>
<Result>2.134716990521596e-06</Result>
</Data> 
<Data>
<Parameter>5.150300601202405</Parameter>
<Result>1.737960703826531e-06</Result>
</Data> 
<Data>
<Parameter>5.190380761523045</Parameter>
<Result>1.4126739588595276e-06</Result>
</Data> 
<Data>
<Parameter>5.230460921843687</Parameter>
<Result>1.146426634581042e-06</Result>
</Data> 
<Data>
<Parameter>5.270541082164328</Parameter>
<Result>9.288657215862436e-07</Result>
</Data> 
<Data>
<Parameter>5.31062124248497</Parameter>
<Result>7.513840052989533e-07</Result>
</Data> 
<Data>
<Parameter>5.35070140280561</Parameter>
<Result>6.068387384255889e-07</Result>
</Data> 
<Data>
<Parameter>5.390781563126252</Parameter>
<Result>4.893132641145786e-07</Result>
</Data> 
<Data>
<Parameter>5.430861723446894</Parameter>
<Result>3.939154559029772e-07</Result>
</Data> 
<Data>
<Parameter>5.470941883767534</Parameter>
<Result>3.166076433603622e-07</Result>
</Data> 
<Data>
<Parameter>5.511022044088175</Parameter>
<Result>2.540634024294116e-07</Result>
</Data> 
<Data>
<Parameter>5.551102204408817</Parameter>
<Result>2.0354721547564685e-07</Result>
</Data> 
<Data>
<Parameter>5.591182364729459</Parameter>
<Result>1.6281355619544528e-07</Result>
</Data> 
<Data>
<Parameter>5.631262525050099</Parameter>
<Result>1.300224364875383e-07</Result>
</Data> 
<Data>
<Parameter>5.671342685370741</Parameter>
<Result>1.0366887333686842e-07</Result>
</Data> 
<Data>
<Parameter>5.7114228456913825</Parameter>
<Result>8.252410032267131e-08</Result>
</Data> 
<Data>
<Parameter>5.751503006012024</Parameter>
<Result>6.558666664074058e-08</Result>
</Data> 
<Data>
<Parameter>5.791583166332664</Parameter>
<Result>5.2041842093947726e-08</Result>
</Data> 
<Data>
<Parameter>5.831663326653306</Parameter>
<Result>4.122798441809936e-08</Result>
</Data> 
<Data>
<Parameter>5.871743486973948</Parameter>
<Result>3.260873015006332e-08</Result>
</Data> 
<Data>
<Parameter>5.911823647294588</Parameter>
<Result>2.57500461306751e-08</Result>
</Data> 
<Data>
<Parameter>5.9519038076152295</Parameter>
<Result>2.0301329355455447e-08</Result>
</Data> 
<Data>
<Parameter>5.991983967935871</Parameter>
<Result>1.5979871531032705e-08</Result>
</Data> 
<Data>
<Parameter>6.032064128256511</Parameter>
<Result>1.2558114285289714e-08</Result>
</Data> 
<Data>
<Parameter>6.072144288577153</Parameter>
<Result>9.853214097729569e-09</Result>
</Data> 
<Data>
<Parameter>6.112224448897795</Parameter>
<Result>7.718514938821385e-09</Result>
</Data> 
<Data>
<Parameter>6.152304609218437</Parameter>
<Result>6.036593330147924e-09</Result>
</Data> 
<Data>
<Parameter>6.192384769539078</Parameter>
<Result>4.713596807246308e-09</Result>
</Data> 
<Data>
<Parameter>6.23246492985972</Parameter>
<Result>3.674644105669984e-09</Result>
</Data> 
<Data>
<Parameter>6.272545090180358</Parameter>
<Result>2.860095119295244e-09</Result>
</Data> 
<Data>
<Parameter>6.312625250501</Parameter>
<Result>2.222531941797462e-09</Result>
</Data> 
<Data>
<Parameter>6.352705410821642</Parameter>
<Result>1.7243200840411905e-09</Result>
</Data> 
<Data>
<Parameter>6.392785571142284</Parameter>
<Result>1.3356421102039772e-09</Result>
</Data> 
<Data>
<Parameter>6.432865731462925</Parameter>
<Result>1.0329151810569944e-09</Result>
</Data> 
<Data>
<Parameter>6.472945891783567</Parameter>
<Result>7.975199555264737e-10</Result>
</Data> 
<Data>
<Parameter>6.513026052104209</Parameter>
<Result>6.147815111332725e-10</Result>
</Data> 
<Data>
<Parameter>6.553106212424851</Parameter>
<Result>4.731538501856516e-10</Result>
</Data> 
<Data>
<Parameter>6.593186372745489</Parameter>
<Result>3.6356854296038106e-10</Result>
</Data> 
<Data>
<Parameter>6.633266533066131</Parameter>
<Result>2.7891544366373287e-10</Result>
</Data> 
<Data>
<Parameter>6.673346693386772</Parameter>
<Result>2.136294710951423e-10</Result>
</Data> 
<Data>
<Parameter>6.713426853707414</Parameter>
<Result>1.6336240165016526e-10</Result>
</Data> 
<Data>
<Parameter>6.753507014028056</Parameter>
<Result>1.247226686519081e-10</Result>
</Data> 
<Data>
<Parameter>6.793587174348698</Parameter>
<Result>9.506945865585332e-11</Result>
</Data> 
<Data>
<Parameter>6.8336673346693395</Parameter>
<Result>7.235007541678776e-11</Result>
</Data> 
<Data>
<Parameter>6.873747494989978</Parameter>
<Result>5.497171627899552e-11</Result>
</Data> 
<Data>
<Parameter>6.9138276553106195</Parameter>
<Result>4.17005655999019e-11</Result>
</Data> 
<Data>
<Parameter>6.953907815631261</Parameter>
<Result>3.1582531331678594e-11</Result>
</Data> 
<Data>
<Parameter>6.993987975951903</Parameter>
<Result>2.388109667894056e-11</Result>
</Data> 
<Data>
<Parameter>7.034068136272545</Parameter>
<Result>1.802868035778853e-11</Result>
</Data> 
<Data>
<Parameter>7.074148296593187</Parameter>
<Result>1.3588638712620013e-11</Result>
</Data> 
<Data>
<Parameter>7.114228456913828</Parameter>
<Result>1.0225635456648567e-11</Result>
</Data> 
<Data>
<Parameter>7.1543086172344665</Parameter>
<Result>7.682578404832746e-12</Result>
</Data> 
<Data>
<Parameter>7.194388777555108</Parameter>
<Result>5.762700344288286e-12</Result>
</Data> 
<Data>
<Parameter>7.23446893787575</Parameter>
<Result>4.315661906383679e-12</Result>
</Data> 
<Data>
<Parameter>7.274549098196392</Parameter>
<Result>3.226793194082237e-12</Result>
</Data> 
<Data>
<Parameter>7.314629258517034</Parameter>
<Result>2.4087803032420826e-12</Result>
</Data> 
<Data>
<Parameter>7.354709418837675</Parameter>
<Result>1.7952527110996408e-12</Result>
</Data> 
<Data>
<Parameter>7.394789579158317</Parameter>
<Result>1.335845808847111e-12</Result>
</Data> 
<Data>
<Parameter>7.434869739478959</Parameter>
<Result>9.924060750776412e-13</Result>
</Data> 
<Data>
<Parameter>7.474949899799597</Parameter>
<Result>7.360796939229658e-13</Result>
</Data> 
<Data>
<Parameter>7.515030060120239</Parameter>
<Result>5.450829542182338e-13</Result>
</Data> 
<Data>
<Parameter>7.555110220440881</Parameter>
<Result>4.0299782842377836e-13</Result>
</Data> 
<Data>
<Parameter>7.595190380761522</Parameter>
<Result>2.974713550799825e-13</Result>
</Data> 
<Data>
<Parameter>7.635270541082164</Parameter>
<Result>2.192249292970344e-13</Result>
</Data> 
<Data>
<Parameter>7.675350701402806</Parameter>
<Result>1.6130100248539746e-13</Result>
</Data> 
<Data>
<Parameter>7.715430861723448</Parameter>
<Result>1.1849131940116523e-13</Result>
</Data> 
<Data>
<Parameter>7.755511022044086</Parameter>
<Result>8.690371558588482e-14</Result>
</Data> 
<Data>
<Parameter>7.795591182364728</Parameter>
<Result>6.36344794796223e-14</Result>
</Data> 
<Data>
<Parameter>7.8356713426853695</Parameter>
<Result>4.6520994234661883e-14</Result>
</Data> 
<Data>
<Parameter>7.875751503006011</Parameter>
<Result>3.3955319443154924e-14</Result>
</Data> 
<Data>
<Parameter>7.915831663326653</Parameter>
<Result>2.474394799968533e-14</Result>
</Data> 
<Data>
<Parameter>7.955911823647295</Parameter>
<Result>1.8002487127215953e-14</Result>
</Data> 
<Data>
<Parameter>7.9959919839679365</Parameter>
<Result>1.307670615195122e-14</Result>
</Data> 
<Data>
<Parameter>8.036072144288575</Parameter>
<Result>9.483454425851608e-15</Result>
</Data> 
<Data>
<Parameter>8.076152304609217</Parameter>
<Result>6.866526479335737e-15</Result>
</Data> 
<Data>
<Parameter>8.116232464929858</Parameter>
<Result>4.963750888792582e-15</Result>
</Data> 
<Data>
<Parameter>8.1563126252505</Parameter>
<Result>3.582491737976892e-15</Result>
</Data> 
<Data>
<Parameter>8.196392785571142</Parameter>
<Result>2.5814442967146468e-15</Result>
</Data> 
<Data>
<Parameter>8.236472945891784</Parameter>
<Result>1.8571315143075915e-15</Result>
</Data> 
<Data>
<Parameter>8.276553106212425</Parameter>
<Result>1.3339050058273636e-15</Result>
</Data> 
<Data>
<Parameter>8.316633266533067</Parameter>
<Result>9.565539863933147e-16</Result>
</Data> 
<Data>
<Parameter>8.356713426853705</Parameter>
<Result>6.848514987503171e-16</Result>
</Data> 
<Data>
<Parameter>8.396793587174347</Parameter>
<Result>4.89537173608798e-16</Result>
</Data> 
<Data>
<Parameter>8.436873747494989</Parameter>
<Result>3.493633011638107e-16</Result>
</Data> 
<Data>
<Parameter>8.47695390781563</Parameter>
<Result>2.4892655578694024e-16</Result>
</Data> 
<Data>
<Parameter>8.517034068136272</Parameter>
<Result>1.7707918669679014e-16</Result>
</Data> 
<Data>
<Parameter>8.557114228456914</Parameter>
<Result>1.2576683974194003e-16</Result>
</Data> 
<Data>
<Parameter>8.597194388777556</Parameter>
<Result>8.917992825287698e-17</Result>
</Data> 
<Data>
<Parameter>8.637274549098194</Parameter>
<Result>6.313503565565735e-17</Result>
</Data> 
<Data>
<Parameter>8.677354709418836</Parameter>
<Result>4.462477943061183e-17</Result>
</Data> 
<Data>
<Parameter>8.717434869739478</Parameter>
<Result>3.1490827716238977e-17</Result>
</Data> 
<Data>
<Parameter>8.75751503006012</Parameter>
<Result>2.2186786811863972e-17</Result>
</Data> 
<Data>
<Parameter>8.797595190380761</Parameter>
<Result>1.5606556383994832e-17</Result>
</Data> 
<Data>
<Parameter>8.837675350701403</Parameter>
<Result>1.0960291432196621e-17</Result>
</Data> 
<Data>
<Parameter>8.877755511022045</Parameter>
<Result>7.684921922034843e-18</Result>
</Data> 
<Data>
<Parameter>8.917835671342683</Parameter>
<Result>5.37971362582726e-18</Result>
</Data> 
<Data>
<Parameter>8.957915831663325</Parameter>
<Result>3.7599424457775775e-18</Result>
</Data> 
<Data>
<Parameter>8.997995991983966</Parameter>
<Result>2.6236480584315398e-18</Result>
</Data> 
<Data>
<Parameter>9.038076152304608</Parameter>
<Result>1.8278152596498033e-18</Result>
</Data> 
<Data>
<Parameter>9.07815631262525</Parameter>
<Result>1.2713389744474667e-18</Result>
</Data> 
<Data>
<Parameter>9.118236472945892</Parameter>
<Result>8.828618778076535e-19</Result>
</Data> 
<Data>
<Parameter>9.158316633266534</Parameter>
<Result>6.121058195284496e-19</Result>
</Data> 
<Data>
<Parameter>9.198396793587175</Parameter>
<Result>4.237040290269593e-19</Result>
</Data> 
<Data>
<Parameter>9.238476953907814</Parameter>
<Result>2.928201912603427e-19</Result>
</Data> 
<Data>
<Parameter>9.278557114228455</Parameter>
<Result>2.020420596618938e-19</Result>
</Data> 
<Data>
<Parameter>9.318637274549097</Parameter>
<Result>1.3918258406079296e-19</Result>
</Data> 
<Data>
<Parameter>9.358717434869739</Parameter>
<Result>9.572609535338178e-20</Result>
</Data> 
<Data>
<Parameter>9.39879759519038</Parameter>
<Result>6.573219495336052e-20</Result>
</Data> 
<Data>
<Parameter>9.438877755511022</Parameter>
<Result>4.5063847212666416e-20</Result>
</Data> 
<Data>
<Parameter>9.478957915831664</Parameter>
<Result>3.0844713301976285e-20</Result>
</Data> 
<Data>
<Parameter>9.519038076152302</Parameter>
<Result>2.1078298524443588e-20</Result>
</Data> 
<Data>
<Parameter>9.559118236472944</Parameter>
<Result>1.4381119830698244e-20</Result>
</Data> 
<Data>
<Parameter>9.599198396793586</Parameter>
<Result>9.796077224942321e-21</Result>
</Data> 
<Data>
<Parameter>9.639278557114228</Parameter>
<Result>6.662144315688413e-21</Result>
</Data> 
<Data>
<Parameter>9.67935871743487</Parameter>
<Result>4.5235376899594674e-21</Result>
</Data> 
<Data>
<Parameter>9.719438877755511</Parameter>
<Result>3.0665124425894154e-21</Result>
</Data> 
<Data>
<Parameter>9.759519038076153</Parameter>
<Result>2.0754562843669456e-21</Result>
</Data> 
<Data>
<Parameter>9.799599198396791</Parameter>
<Result>1.4024416149309452e-21</Result>
</Data> 
<Data>
<Parameter>9.839679358717433</Parameter>
<Result>9.461463779763933e-22</Result>
</Data> 
<Data>
<Parameter>9.879759519038075</Parameter>
<Result>6.372857581133977e-22</Result>
</Data> 
<Data>
<Parameter>9.919839679358716</Parameter>
<Result>4.285607920629975e-22</Result>
</Data> 
<Data>
<Parameter>9.959919839679358</Parameter>
<Result>2.8773520365270106e-22</Result>
</Data> 
<Data>
<Parameter>10.0</Parameter>
<Result>1.9287498479639178e-22</Result>
</Data> 
</Datas>